Jacket,1,1,1,TRUE
Jacket,2,2,2,TRUE
Jacket,3,3,3,TRUE
Jacket,4,4,4,TRUE
Jacket,5,5,5,TRUE
Jacket,6,6,6,TRUE
Jacket,7,7,7,TRUE
Jacket,8,8,8,TRUE
Jacket,9,9,9,TRUE
Jacket,10,10,10,TRUE
Jacket,11,11,11,TRUE
Jacket,12,12,12,TRUE
Jacket,13,13,13,TRUE
Jacket,14,14,14,TRUE
Jacket,15,15,15,TRUE
Jacket,16,16,16,TRUE
Jacket,17,17,17,TRUE
Jacket,18,18,18,TRUE
Jacket,19,19,19,TRUE
Jacket,20,20,20,TRUE
Jacket,21,21,21,TRUE
Jacket,22,22,22,TRUE
Jacket,23,23,23,TRUE
Jacket,24,24,24,TRUE
Jacket,25,25,25,TRUE
Jacket,26,26,26,TRUE
Jacket,27,27,27,TRUE
Jacket,28,28,28,TRUE
Jacket,29,29,29,TRUE
Jacket,30,30,30,TRUE
Top,1200,20,21,TRUE
Top,1201,21,22,TRUE
Top,1202,22,23,TRUE
Top,1203,23,24,TRUE
Top,1204,24,25,TRUE
Top,1205,25,26,TRUE
Top,1206,26,27,TRUE
Top,1207,27,28,TRUE
Top,1208,28,29,TRUE
Top,1209,29,30,TRUE
Top,1210,30,31,TRUE
Top,1211,31,32,TRUE
Top,1212,32,33,TRUE
Top,1213,10,34,TRUE
Top,1214,11,35,TRUE
Top,1215,12,36,TRUE
Top,1216,13,37,TRUE
Top,1217,14,38,TRUE
Top,1218,15,39,TRUE
Top,1219,16,40,TRUE
Top,1220,17,41,TRUE
Top,1221,18,42,TRUE
Top,1222,19,43,TRUE
Top,1223,20,44,TRUE
Top,1224,21,45,TRUE
Top,1225,22,46,TRUE
Top,1226,23,47,TRUE
Top,1227,24,48,TRUE
Top,1228,25,49,TRUE
Top,1229,26,50,TRUE
Top,1230,27,51,TRUE
Top,1231,28,52,TRUE
Top,1232,29,53,TRUE
Top,1233,30,54,TRUE
Top,1234,31,55,TRUE
Mobile,10000,20,10,TRUE
Mobile,10001,21,11,TRUE
Mobile,10002,22,12,TRUE
Mobile,10003,23,13,TRUE
Mobile,10004,24,14,TRUE
Mobile,10005,25,15,TRUE
Mobile,10006,26,16,TRUE
Mobile,10007,27,17,TRUE
Mobile,10008,28,18,TRUE
Mobile,10009,29,19,TRUE
Mobile,10010,30,20,TRUE
Mobile,10011,31,21,TRUE
Mobile,10012,32,22,TRUE
Mobile,10013,33,23,TRUE
Mobile,10014,34,24,TRUE
Mobile,10015,35,25,TRUE
Mobile,10016,36,26,TRUE
Mobile,10017,37,27,TRUE
Mobile,10018,38,28,TRUE
Mobile,10019,39,29,TRUE
Mobile,10020,40,30,TRUE
Mobile,10021,41,31,TRUE
Mobile,10022,42,32,TRUE
Mobile,10023,43,33,TRUE
Mobile,10024,44,34,TRUE
Mobile,10025,45,35,TRUE
Mobile,10026,46,36,TRUE
Mobile,10027,47,37,TRUE
Mobile,10028,48,38,TRUE
Mobile,10029,49,39,TRUE
Mobile,10030,50,40,TRUE
Mobile,10031,51,41,TRUE
Mobile,10032,52,42,TRUE
Mobile,10033,53,43,TRUE
Mobile,10034,54,44,TRUE
Mobile,10035,55,45,TRUE
Mobile,10036,56,46,TRUE
Mobile,10037,57,47,TRUE
Mobile,10038,58,48,TRUE
Mobile,10039,59,49,TRUE
Mobile,10040,60,50,TRUE
Mobile,10041,61,51,TRUE
Mobile,10042,62,52,TRUE
Mobile,10043,63,53,TRUE
Mobile,10044,64,54,TRUE
Mobile,10045,65,55,TRUE
Mobile,10046,66,56,TRUE
Mobile,10047,67,57,TRUE
Mobile,10048,68,58,TRUE
Mobile,10049,69,59,TRUE
Mobile,10050,70,60,TRUE
Mobile,10051,71,61,TRUE
Mobile,10052,72,62,TRUE
Mobile,10053,73,63,TRUE
Mobile,10054,74,64,TRUE
Mobile,10055,75,65,TRUE
Mobile,10056,76,66,TRUE
Mobile,10057,77,67,TRUE
Mobile,10058,78,68,TRUE
Mobile,10059,79,69,TRUE
Mobile,10060,80,70,TRUE
Laptop,50000,10,10,TRUE
Laptop,50001,11,11,TRUE
Laptop,50002,12,12,TRUE
Laptop,50003,13,13,TRUE
Laptop,50004,14,14,TRUE
Laptop,50005,15,15,TRUE
Laptop,50006,16,16,TRUE
Laptop,50007,17,17,TRUE
Laptop,50008,18,18,TRUE
Laptop,50009,19,19,TRUE
Laptop,50010,20,20,TRUE
Laptop,50011,21,21,TRUE
Laptop,50012,22,22,TRUE
Laptop,50013,23,23,TRUE
Laptop,50014,24,24,TRUE
Laptop,50015,25,25,TRUE
Laptop,50016,26,26,TRUE
Laptop,50017,27,27,TRUE
Laptop,50018,28,28,TRUE
Laptop,50019,29,29,TRUE
Laptop,50020,30,30,TRUE
Laptop,50021,31,31,TRUE
Laptop,50022,32,32,TRUE
Laptop,50023,33,33,TRUE
Laptop,50024,34,34,TRUE
Laptop,50025,35,35,TRUE
Laptop,50026,36,36,TRUE
Laptop,50027,37,37,TRUE
Laptop,50028,38,38,TRUE
Laptop,50029,39,39,TRUE
Laptop,50030,40,40,TRUE
Laptop,50031,41,41,TRUE
Laptop,50032,42,42,TRUE
Laptop,50033,43,43,TRUE
Laptop,50034,44,44,TRUE
Laptop,50035,45,45,TRUE
Laptop,50036,46,46,TRUE
Laptop,50037,47,47,TRUE
Laptop,50038,48,48,TRUE
Laptop,50039,49,49,TRUE
Laptop,50040,50,50,TRUE
Laptop,50041,51,51,TRUE
Laptop,50042,52,52,TRUE
Laptop,50043,53,53,TRUE
Laptop,50044,54,54,TRUE
Laptop,50045,55,55,TRUE
Laptop,50046,56,56,TRUE
Laptop,50047,57,57,TRUE
Laptop,50048,58,58,TRUE
Laptop,50049,59,59,TRUE
Laptop,50050,60,60,TRUE
Laptop,50051,61,61,TRUE
Laptop,50052,62,62,TRUE
Laptop,50053,63,63,TRUE
Laptop,50054,64,64,TRUE
Laptop,50055,65,65,TRUE
Laptop,50056,66,66,TRUE
Laptop,50057,67,67,TRUE
Laptop,50058,68,68,TRUE
Laptop,50059,69,69,TRUE
Laptop,50060,70,70,TRUE
Laptop,50061,71,71,TRUE
Laptop,50062,72,72,TRUE
Laptop,50063,73,73,TRUE
Laptop,50064,74,74,TRUE
Laptop,50065,75,75,TRUE
Laptop,50066,76,76,TRUE
Laptop,50067,77,77,TRUE
Laptop,50068,78,78,TRUE
Copy,100,0,0,TRUE
Copy,101,1,1,TRUE
Copy,102,2,2,TRUE
Copy,103,3,3,TRUE
Copy,104,4,4,TRUE
Copy,105,5,5,TRUE
Copy,106,6,6,TRUE
Copy,107,7,7,TRUE
Copy,108,8,8,TRUE
Copy,109,9,9,TRUE
Copy,110,10,10,TRUE
Copy,111,11,11,TRUE
Copy,112,12,12,TRUE
Copy,113,13,13,TRUE
Copy,114,14,14,TRUE
Copy,115,15,15,TRUE
Copy,116,16,16,TRUE
Copy,117,17,17,TRUE
Copy,118,18,18,TRUE
Copy,119,19,19,TRUE
Copy,120,20,20,TRUE
Copy,121,21,21,TRUE
Copy,122,22,22,TRUE
Copy,123,23,23,TRUE
Copy,124,24,24,TRUE
Copy,125,25,25,TRUE
Copy,126,26,26,TRUE
Copy,127,27,27,TRUE
Copy,128,28,28,TRUE
Copy,129,29,29,TRUE
Copy,130,30,30,TRUE
Copy,131,31,31,TRUE
Copy,132,32,32,TRUE
Copy,133,33,33,TRUE
Copy,134,34,34,TRUE
Copy,135,35,35,TRUE
Copy,136,36,36,TRUE
Copy,137,37,37,TRUE
Copy,138,38,38,TRUE
Copy,139,39,39,TRUE
Copy,140,40,40,TRUE
Copy,141,41,41,TRUE
Copy,142,42,42,TRUE
Copy,143,43,43,TRUE
Copy,144,44,44,TRUE
Copy,145,45,45,TRUE
Copy,146,46,46,TRUE
Copy,147,47,47,TRUE
Copy,148,48,48,TRUE
Copy,149,49,49,TRUE
Copy,150,50,50,TRUE
Copy,151,51,51,TRUE
Copy,152,52,52,TRUE
Copy,153,53,53,TRUE
Copy,154,54,54,TRUE
Copy,155,55,55,TRUE
Copy,156,56,56,TRUE
Copy,157,57,57,TRUE
Copy,158,58,58,TRUE
Copy,159,59,59,TRUE
Copy,160,60,60,TRUE
Copy,161,61,61,TRUE
Copy,162,62,62,TRUE
Copy,163,63,63,TRUE
Copy,164,64,64,TRUE
Copy,165,65,65,TRUE
Copy,166,66,66,TRUE
Copy,167,67,67,TRUE
Copy,168,68,68,TRUE
Copy,169,69,69,TRUE
Copy,170,70,70,TRUE
Copy,171,71,71,TRUE
Copy,172,72,72,TRUE
Copy,173,73,73,TRUE
Copy,174,74,74,TRUE
Copy,175,75,75,TRUE
Copy,176,76,76,TRUE
Copy,177,77,77,TRUE
Copy,178,78,78,TRUE
Copy,179,79,79,TRUE
Copy,180,80,80,TRUE
Copy,181,81,81,TRUE
Copy,182,82,82,TRUE
Copy,183,83,83,TRUE
Copy,184,84,84,TRUE
Copy,185,85,85,TRUE
Copy,186,86,86,TRUE
Copy,187,87,87,TRUE
Copy,188,88,88,TRUE
Copy,189,89,89,TRUE
Copy,190,90,90,TRUE
Copy,191,91,91,TRUE
Copy,192,92,92,TRUE
Copy,193,93,93,TRUE
Copy,194,94,94,TRUE
Copy,195,95,95,TRUE
Copy,196,96,96,TRUE
Copy,197,97,97,TRUE
Copy,198,98,98,TRUE
Copy,199,99,99,TRUE
Copy,200,100,100,TRUE
Copy,201,101,101,TRUE
Copy,202,102,102,TRUE
Copy,203,103,103,TRUE
Copy,204,104,104,TRUE
Copy,205,105,105,TRUE
Copy,206,106,106,TRUE
Copy,207,107,107,TRUE
Copy,208,108,108,TRUE
Copy,209,109,109,TRUE
Copy,210,110,110,TRUE
Copy,211,111,111,TRUE
Copy,212,112,112,TRUE
Copy,213,113,113,TRUE
Copy,214,114,114,TRUE
Copy,215,115,115,TRUE
Copy,216,116,116,TRUE
Copy,217,117,117,TRUE
Copy,218,118,118,TRUE
Copy,219,119,119,TRUE
Copy,220,120,120,TRUE
Copy,221,121,121,TRUE
Copy,222,122,122,TRUE
Copy,223,123,123,TRUE
Copy,224,124,124,TRUE
Copy,225,125,125,TRUE
Copy,226,126,126,TRUE
Copy,227,127,127,TRUE
Copy,228,128,128,TRUE
Copy,229,129,129,TRUE
Copy,230,130,130,TRUE
Copy,231,131,131,TRUE
Copy,232,132,132,TRUE
Copy,233,133,133,TRUE
Copy,234,134,134,TRUE
Copy,235,135,135,TRUE
Copy,236,136,136,TRUE
Copy,237,137,137,TRUE
Copy,238,138,138,TRUE
Copy,239,139,139,TRUE
Copy,240,140,140,TRUE
Copy,241,141,141,TRUE
Copy,242,142,142,TRUE
Copy,243,143,143,TRUE
Copy,244,144,144,TRUE
Copy,245,145,145,TRUE
Copy,246,146,146,TRUE
Copy,247,147,147,TRUE
Copy,248,148,148,TRUE
Copy,249,149,149,TRUE
Copy,250,150,150,TRUE
Copy,251,151,151,TRUE
Copy,252,152,152,TRUE
Copy,253,153,153,TRUE
Copy,254,154,154,TRUE
Copy,255,155,155,TRUE
Copy,256,156,156,TRUE
Copy,257,157,157,TRUE
Copy,258,158,158,TRUE
Copy,259,159,159,TRUE
Copy,260,160,160,TRUE
Copy,261,161,161,TRUE
Copy,262,162,162,TRUE
Copy,263,163,163,TRUE
Copy,264,164,164,TRUE
Copy,265,165,165,TRUE
Copy,266,166,166,TRUE
Copy,267,167,167,TRUE
Copy,268,168,168,TRUE
Copy,269,169,169,TRUE
Copy,270,170,170,TRUE
Copy,271,171,171,TRUE
Copy,272,172,172,TRUE
Copy,273,173,173,TRUE
Copy,274,174,174,TRUE
Copy,275,175,175,TRUE
Copy,276,176,176,TRUE
Copy,277,177,177,TRUE
Copy,278,178,178,TRUE
Copy,279,179,179,TRUE
Copy,280,180,180,TRUE
Copy,281,181,181,TRUE
Copy,282,182,182,TRUE
Copy,283,183,183,TRUE
Copy,284,184,184,TRUE
Copy,285,185,185,TRUE
Copy,286,186,186,TRUE
Copy,287,187,187,TRUE
Copy,288,188,188,TRUE
Copy,289,189,189,TRUE
Copy,290,190,190,TRUE
Copy,291,191,191,TRUE
Copy,292,192,192,TRUE
Copy,293,193,193,TRUE
Copy,294,194,194,TRUE
Copy,295,195,195,TRUE
Copy,296,196,196,TRUE
Copy,297,197,197,TRUE
Copy,298,198,198,TRUE
Copy,299,199,199,TRUE
Copy,300,200,200,TRUE
Notebook,301,201,201,TRUE
Notebook,302,202,202,TRUE
Notebook,303,203,203,TRUE
Notebook,304,204,204,TRUE
Notebook,305,205,205,TRUE
Notebook,306,206,206,TRUE
Notebook,307,207,207,TRUE
Notebook,308,208,208,TRUE
Notebook,309,209,209,TRUE
Notebook,310,210,210,TRUE
Notebook,311,211,211,TRUE
Notebook,312,212,212,TRUE
Notebook,313,213,213,TRUE
Notebook,314,214,214,TRUE
Notebook,315,215,215,TRUE
Notebook,316,216,216,TRUE
Notebook,317,217,217,TRUE
Notebook,318,218,218,TRUE
Notebook,319,219,219,TRUE
Notebook,320,220,220,TRUE
Notebook,321,221,221,TRUE
Notebook,322,222,222,TRUE
Notebook,323,223,223,TRUE
Notebook,324,224,224,TRUE
Notebook,325,225,225,TRUE
Notebook,326,226,226,TRUE
Notebook,327,227,227,TRUE
Notebook,328,228,228,TRUE
Notebook,329,229,229,TRUE
Notebook,330,230,230,TRUE
Notebook,331,231,231,TRUE
Notebook,332,232,232,TRUE
Notebook,333,233,233,TRUE
Notebook,334,234,234,TRUE
Notebook,335,235,235,TRUE
Notebook,336,236,236,TRUE
Notebook,337,237,237,TRUE
Notebook,338,238,238,TRUE
Notebook,339,239,239,TRUE
Notebook,340,240,240,TRUE
Notebook,341,241,241,TRUE
Notebook,342,242,242,TRUE
Notebook,343,243,243,TRUE
Notebook,344,244,244,TRUE
Notebook,345,245,245,TRUE
Notebook,346,246,246,TRUE
Notebook,347,247,247,TRUE
Notebook,348,248,248,TRUE
Notebook,349,249,249,TRUE
Notebook,350,250,250,TRUE
Notebook,351,251,251,TRUE
Notebook,352,252,252,TRUE
Notebook,353,253,253,TRUE
Notebook,354,254,254,TRUE
Notebook,355,255,255,TRUE
Notebook,356,256,256,TRUE
Notebook,357,257,257,TRUE
Notebook,358,258,258,TRUE
Notebook,359,259,259,TRUE
Notebook,360,260,260,TRUE
Notebook,361,261,261,TRUE
Notebook,362,262,262,TRUE
Notebook,363,263,263,TRUE
Notebook,364,264,264,TRUE
Notebook,365,265,265,TRUE
Notebook,366,266,266,TRUE
Notebook,367,267,267,TRUE
Notebook,368,268,268,TRUE
Notebook,369,269,269,TRUE
Notebook,370,270,270,TRUE
Notebook,371,271,271,TRUE
Notebook,372,272,272,TRUE
Notebook,373,273,273,TRUE
Notebook,374,274,274,TRUE
Notebook,375,275,275,TRUE
Notebook,376,276,276,TRUE
Notebook,377,277,277,TRUE
Notebook,378,278,278,TRUE
Notebook,379,279,279,TRUE
Notebook,380,280,280,TRUE
Notebook,381,281,281,TRUE
Notebook,382,282,282,TRUE
Notebook,383,283,283,TRUE
Notebook,384,284,284,TRUE
Notebook,385,285,285,TRUE
Notebook,386,286,286,TRUE
Notebook,387,287,287,TRUE
Notebook,388,288,288,TRUE
Notebook,389,289,289,TRUE
Notebook,390,290,290,TRUE
Notebook,391,291,291,TRUE
Notebook,392,292,292,TRUE
Notebook,300,293,293,TRUE
Notebook,301,294,294,TRUE
Notebook,302,295,295,TRUE
Notebook,303,296,296,TRUE
Notebook,304,297,297,TRUE
Notebook,305,298,298,TRUE
Notebook,306,299,299,TRUE
Notebook,307,300,300,TRUE
Notebook,308,301,301,TRUE
Notebook,309,302,302,TRUE
Notebook,310,303,303,TRUE
Notebook,311,304,304,TRUE
Notebook,312,305,305,TRUE
Notebook,313,306,306,TRUE
Notebook,314,307,307,TRUE
Notebook,315,308,308,TRUE
Notebook,316,309,309,TRUE
Notebook,317,310,310,TRUE
Notebook,318,311,311,TRUE
Notebook,319,312,312,TRUE
Notebook,320,313,313,TRUE
Notebook,321,314,314,TRUE
Notebook,322,315,315,TRUE
Notebook,323,316,316,TRUE
Notebook,324,317,317,TRUE
Notebook,325,318,318,TRUE
Notebook,326,319,319,TRUE
Notebook,327,320,320,TRUE
Notebook,328,321,321,TRUE
Notebook,329,322,322,TRUE
Notebook,330,323,323,TRUE
Notebook,331,324,324,TRUE
Notebook,332,325,325,TRUE
Notebook,333,326,326,TRUE
Notebook,334,327,327,TRUE
Notebook,335,328,328,TRUE
Notebook,336,329,329,TRUE
Notebook,337,330,330,TRUE
Notebook,338,331,331,TRUE
Notebook,339,332,332,TRUE
Notebook,340,333,333,TRUE
Notebook,341,334,334,TRUE
Notebook,342,335,335,TRUE
Notebook,343,336,336,TRUE
Notebook,344,337,337,TRUE
Notebook,345,338,338,TRUE
Notebook,346,339,339,TRUE
Notebook,347,340,340,TRUE
Notebook,348,341,341,TRUE
Notebook,349,342,342,TRUE
Notebook,350,343,343,TRUE
Notebook,351,344,344,TRUE
Notebook,352,345,345,TRUE
Notebook,353,346,346,TRUE
Notebook,354,347,347,TRUE
Notebook,355,348,348,TRUE
Notebook,356,349,349,TRUE
Notebook,357,350,350,TRUE
Notebook,358,351,351,TRUE
Notebook,359,352,352,TRUE
Notebook,360,353,353,TRUE
Notebook,361,354,354,TRUE
Notebook,362,355,355,TRUE
Notebook,363,356,356,TRUE
Notebook,364,357,357,TRUE
Notebook,365,358,358,TRUE
Notebook,366,359,359,TRUE
Notebook,367,360,360,TRUE
Notebook,368,361,361,TRUE
Notebook,369,362,362,TRUE
Notebook,370,363,363,TRUE
Notebook,371,364,364,TRUE
Notebook,372,365,365,TRUE
Notebook,373,366,366,TRUE
Notebook,374,367,367,TRUE
Notebook,375,368,368,TRUE
Notebook,376,369,369,TRUE
Notebook,377,370,370,TRUE
Notebook,378,371,371,TRUE
Notebook,379,372,372,TRUE
Notebook,380,373,373,TRUE
Notebook,381,374,374,TRUE
Notebook,382,375,375,TRUE
Notebook,383,376,376,TRUE
Notebook,384,377,377,TRUE
Notebook,385,378,378,TRUE
Notebook,386,379,379,TRUE
Notebook,387,380,380,TRUE
Notebook,388,381,381,TRUE
Notebook,389,382,382,TRUE
Notebook,390,383,383,TRUE
Notebook,391,384,384,TRUE
Notebook,392,385,385,TRUE
Notebook,393,386,386,TRUE
Notebook,394,387,387,TRUE
Notebook,395,388,388,TRUE
Notebook,396,389,389,TRUE
Notebook,397,390,390,TRUE
Notebook,398,391,391,TRUE
Notebook,399,392,392,TRUE
Notebook,400,393,393,TRUE
Notebook,401,394,394,TRUE
Notebook,402,395,395,TRUE
Notebook,403,396,396,TRUE
Notebook,404,397,397,TRUE
Notebook,405,398,398,TRUE
Notebook,406,399,399,TRUE
Top,1,1,1,TRUE
Top,2,2,2,TRUE
Top,3,3,3,TRUE
Top,4,4,4,TRUE
Top,5,5,5,TRUE
Top,6,6,6,TRUE
Top,7,7,7,TRUE
Top,8,8,8,TRUE
Top,9,9,9,TRUE
Top,10,10,10,TRUE
Top,11,11,11,TRUE
Top,12,12,12,TRUE
Top,13,13,13,TRUE
Top,14,14,14,TRUE
Top,15,15,15,TRUE
Top,16,16,16,TRUE
Top,17,17,17,TRUE
Top,18,18,18,TRUE
Top,19,19,19,TRUE
Top,20,20,20,TRUE
Top,21,21,21,TRUE
Top,22,22,22,TRUE
Top,23,23,23,TRUE
Top,24,24,24,TRUE
Top,25,25,25,TRUE
Top,26,26,26,TRUE
Top,27,27,27,TRUE
Top,28,28,28,TRUE
Top,29,29,29,TRUE
Top,30,30,30,TRUE
Top,31,31,31,TRUE
Top,32,32,32,TRUE
Top,33,33,33,TRUE
Top,34,34,34,TRUE
Top,35,35,35,TRUE
Top,36,36,36,TRUE
Top,37,37,37,TRUE
Top,38,38,38,TRUE
Top,39,39,39,TRUE
Top,40,40,40,TRUE
Top,41,41,41,TRUE
Top,42,42,42,TRUE
Top,43,43,43,TRUE
Top,44,44,44,TRUE
Top,45,45,45,TRUE
Top,46,46,46,TRUE
Top,47,47,47,TRUE
Top,48,48,48,TRUE
Top,49,49,49,TRUE
Top,50,50,50,TRUE
Top,51,51,51,TRUE
Top,52,52,52,TRUE
Top,53,53,53,TRUE
Top,54,54,54,TRUE
Top,55,55,55,TRUE
Top,56,56,56,TRUE
Top,57,57,57,TRUE
Top,58,58,58,TRUE
Top,59,59,59,TRUE
Top,60,60,60,TRUE
Top,61,61,61,TRUE
Top,62,62,62,TRUE
Top,63,63,63,TRUE
Top,64,64,64,TRUE
Top,65,65,65,TRUE
Top,66,66,66,TRUE
Top,67,67,67,TRUE
Top,68,68,68,TRUE
Top,69,69,69,TRUE
Top,70,70,70,TRUE
Top,71,71,71,TRUE
Top,72,72,72,TRUE
Top,73,73,73,TRUE
Top,74,74,74,TRUE
Top,75,75,75,TRUE
Top,76,76,76,TRUE
Top,77,77,77,TRUE
Top,78,78,78,TRUE
Top,79,79,79,TRUE
Top,80,80,80,TRUE
Top,81,81,81,TRUE
Top,82,82,82,TRUE
Top,83,83,83,TRUE
Top,84,84,84,TRUE
Top,85,85,85,TRUE
Top,86,86,86,TRUE
Top,87,87,87,TRUE
Top,88,88,88,TRUE
Top,89,89,89,TRUE
Top,90,90,90,TRUE
Top,91,91,91,TRUE
Top,92,92,92,TRUE
Top,93,93,93,TRUE
Top,94,94,94,TRUE
Top,95,95,95,TRUE
Top,96,96,96,TRUE
Top,97,97,97,TRUE
Top,98,98,98,TRUE
Top,99,99,99,TRUE
Top,100,100,100,TRUE
Top,101,101,101,TRUE
Top,102,102,102,TRUE
Top,103,103,103,TRUE
Top,104,104,104,TRUE
Top,105,105,105,TRUE
Top,106,106,106,TRUE
Top,107,107,107,TRUE
Top,108,108,108,TRUE
Top,109,109,109,TRUE
Top,110,110,110,TRUE
Top,111,111,111,TRUE
Top,112,112,112,TRUE
Top,113,113,113,TRUE
Top,114,114,114,TRUE
Top,115,115,115,TRUE
Top,116,116,116,TRUE
Top,117,117,117,TRUE
Top,118,118,118,TRUE
Top,119,119,119,TRUE
Top,120,120,120,TRUE
Top,121,121,121,TRUE
Top,122,122,122,TRUE
Top,123,123,123,TRUE
Top,124,124,124,TRUE
Top,125,125,125,TRUE
Top,126,126,126,TRUE
Top,127,127,127,TRUE
Top,128,128,128,TRUE
Top,129,129,129,TRUE
Top,130,130,130,TRUE
Top,131,131,131,TRUE
Top,132,132,132,TRUE
Top,133,133,133,TRUE
Top,134,134,134,TRUE
Top,135,135,135,TRUE
Top,136,136,136,TRUE
Top,137,137,137,TRUE
Top,138,138,138,TRUE
Top,139,139,139,TRUE
Top,140,140,140,TRUE
Top,141,141,141,TRUE
Top,142,142,142,TRUE
Top,143,143,143,TRUE
Top,144,144,144,TRUE
Top,145,145,145,TRUE
Top,146,146,146,TRUE
Top,147,147,147,TRUE
Top,148,148,148,TRUE
Top,149,149,149,TRUE
Top,150,150,150,TRUE
Top,151,151,151,TRUE
Top,152,152,152,TRUE
Top,153,153,153,TRUE
Top,154,154,154,TRUE
Top,155,155,155,TRUE
Top,156,156,156,TRUE
Top,157,157,157,TRUE
Top,158,158,158,TRUE
Top,159,159,159,TRUE
Top,160,160,160,TRUE
Top,161,161,161,TRUE
Top,162,162,162,TRUE
Top,163,163,163,TRUE
Top,164,164,164,TRUE
Top,165,165,165,TRUE
Top,166,166,166,TRUE
Top,167,167,167,TRUE
Top,168,168,168,TRUE
Top,169,169,169,TRUE
Top,170,170,170,TRUE
Top,171,171,171,TRUE
Top,172,172,172,TRUE
Top,173,173,173,TRUE
Top,174,174,174,TRUE
Top,175,175,175,TRUE
Top,176,176,176,TRUE
Top,177,177,177,TRUE
Top,178,178,178,TRUE
Top,179,179,179,TRUE
Top,180,180,180,TRUE
Top,181,181,181,TRUE
Top,182,182,182,TRUE
Top,183,183,183,TRUE
Top,184,184,184,TRUE
Top,185,185,185,TRUE
Top,186,186,186,TRUE
Top,187,187,187,TRUE
Top,188,188,188,TRUE
Top,189,189,189,TRUE
Top,190,190,190,TRUE
Top,191,191,191,TRUE
Top,192,192,192,TRUE
Top,193,193,193,TRUE
Top,194,194,194,TRUE
Top,195,195,195,TRUE
Top,196,196,196,TRUE
Top,197,197,197,TRUE
Top,198,198,198,TRUE
Top,199,199,199,TRUE
Top,200,200,200,TRUE
Top,201,201,201,TRUE
Top,202,202,202,TRUE
Top,203,203,203,TRUE
Top,204,204,204,TRUE
Top,205,205,205,TRUE
Top,206,206,206,TRUE
Top,207,207,207,TRUE
Top,208,208,208,TRUE
Top,209,209,209,TRUE
Top,210,210,210,TRUE
Top,211,211,211,TRUE
Top,212,212,212,TRUE
Top,213,213,213,TRUE
Top,214,214,214,TRUE
Top,215,215,215,TRUE
Top,216,216,216,TRUE
Top,217,217,217,TRUE
Top,218,218,218,TRUE
Top,219,219,219,TRUE
Top,220,220,220,TRUE
Top,221,221,221,TRUE
Top,222,222,222,TRUE
Top,223,223,223,TRUE
Top,224,224,224,TRUE
Top,225,225,225,TRUE
Top,226,226,226,TRUE
Top,227,227,227,TRUE
Top,228,228,228,TRUE
Top,229,229,229,TRUE
Top,230,230,230,TRUE
Top,231,231,231,TRUE
Top,232,232,232,TRUE
Top,233,233,233,TRUE
Top,234,234,234,TRUE
Top,235,235,235,TRUE
Top,236,236,236,TRUE
Top,237,237,237,TRUE
Top,238,238,238,TRUE
Top,239,239,239,TRUE
Top,240,240,240,TRUE
Top,241,241,241,TRUE
Top,242,242,242,TRUE
Top,243,243,243,TRUE
Top,244,244,244,TRUE
Top,245,245,245,TRUE
Top,246,246,246,TRUE
Top,247,247,247,TRUE
Top,248,248,248,TRUE
Top,249,249,249,TRUE
Top,250,250,250,TRUE
Top,251,251,251,TRUE
Top,252,252,252,TRUE
Top,253,253,253,TRUE
Top,254,254,254,TRUE
Top,255,255,255,TRUE
Top,256,256,256,TRUE
Top,257,257,257,TRUE
Top,258,258,258,TRUE
Top,259,259,259,TRUE
Top,260,260,260,TRUE
Top,261,261,261,TRUE
Top,262,262,262,TRUE
Top,263,263,263,TRUE
Top,264,264,264,TRUE
Top,265,265,265,TRUE
Top,266,266,266,TRUE
Top,267,267,267,TRUE
Top,268,268,268,TRUE
Top,269,269,269,TRUE
Top,270,270,270,TRUE
Top,271,271,271,TRUE
Top,272,272,272,TRUE
Top,273,273,273,TRUE
Top,274,274,274,TRUE
Top,275,275,275,TRUE
Top,276,276,276,TRUE
Top,277,277,277,TRUE
Top,278,278,278,TRUE
Top,279,279,279,TRUE
Top,280,280,280,TRUE
Top,281,281,281,TRUE
Top,282,282,282,TRUE
Top,283,283,283,TRUE
Top,284,284,284,TRUE
Top,285,285,285,TRUE
Top,286,286,286,TRUE
Top,287,287,287,TRUE
Top,288,288,288,TRUE
Top,289,289,289,TRUE
Top,290,290,290,TRUE
Top,291,291,291,TRUE
Top,292,292,292,TRUE
Top,293,293,293,TRUE
Top,294,294,294,TRUE
Top,295,295,295,TRUE
Top,296,296,296,TRUE
Top,297,297,297,TRUE
Top,298,298,298,TRUE
Top,299,299,299,TRUE
Top,300,300,300,TRUE
Top,301,301,301,TRUE
Top,302,302,302,TRUE
Top,303,303,303,TRUE
Top,304,304,304,TRUE
Top,305,305,305,TRUE
Top,306,306,306,TRUE
Top,307,307,307,TRUE
Top,308,308,308,TRUE
Top,309,309,309,TRUE
Top,310,310,310,TRUE
Top,311,311,311,TRUE
Top,312,312,312,TRUE
Top,313,313,313,TRUE
Top,314,314,314,TRUE
Top,315,315,315,TRUE
Top,316,316,316,TRUE
Top,317,317,317,TRUE
Top,318,318,318,TRUE
Top,319,319,319,TRUE
Top,320,320,320,TRUE
Top,321,321,321,TRUE
Top,322,322,322,TRUE
Top,323,323,323,TRUE
Top,324,324,324,TRUE
Top,325,325,325,TRUE
Top,326,326,326,TRUE
Top,327,327,327,TRUE
Top,328,328,328,TRUE
Top,329,329,329,TRUE
Top,330,330,330,TRUE
Top,331,331,331,TRUE
Top,332,332,332,TRUE
Top,333,333,333,TRUE
Top,334,334,334,TRUE
Top,335,335,335,TRUE
Top,336,336,336,TRUE
Top,337,337,337,TRUE
Top,338,338,338,TRUE
Top,339,339,339,TRUE
Top,340,340,340,TRUE
Top,341,341,341,TRUE
Top,342,342,342,TRUE
Top,343,343,343,TRUE
Top,344,344,344,TRUE
Top,345,345,345,TRUE
Top,346,346,346,TRUE
Top,347,347,347,TRUE
Top,348,348,348,TRUE
Top,349,349,349,TRUE
Top,350,350,350,TRUE
Top,351,351,351,TRUE
Top,352,352,352,TRUE
Top,353,353,353,TRUE
Top,354,354,354,TRUE
Top,355,355,355,TRUE
Top,356,356,356,TRUE
Top,357,357,357,TRUE
Top,358,358,358,TRUE
Top,359,359,359,TRUE
Top,360,360,360,TRUE
Top,361,361,361,TRUE
Top,362,362,362,TRUE
Top,363,363,363,TRUE
Top,364,364,364,TRUE
Top,365,365,365,TRUE
Top,366,366,366,TRUE
Top,367,367,367,TRUE
Top,368,368,368,TRUE
Top,369,369,369,TRUE
Top,370,370,370,TRUE
Top,371,371,371,TRUE
Top,372,372,372,TRUE
Top,373,373,373,TRUE
Top,374,374,374,TRUE
Top,375,375,375,TRUE
Top,376,376,376,TRUE
Top,377,377,377,TRUE
Top,378,378,378,TRUE
Top,379,379,379,TRUE
Top,380,380,380,TRUE
Top,381,381,381,TRUE
Top,382,382,382,TRUE
Top,383,383,383,TRUE
Top,384,384,384,TRUE
Top,385,385,385,TRUE
Top,386,386,386,TRUE
Top,387,387,387,TRUE
Top,388,388,388,TRUE
Top,389,389,389,TRUE
Top,390,390,390,TRUE
Top,391,391,391,TRUE
Top,392,392,392,TRUE
Top,393,393,393,TRUE
Top,394,394,394,TRUE
Top,395,395,395,TRUE
Top,396,396,396,TRUE
Top,397,397,397,TRUE
Top,398,398,398,TRUE
Top,399,399,399,TRUE
Top,400,400,400,TRUE
Top,401,401,401,TRUE
Top,402,402,402,TRUE
Top,403,403,403,TRUE
Top,404,404,404,TRUE
Top,405,405,405,TRUE
Jeans ,1,1,1,TRUE
Jeans ,2,2,2,TRUE
Jeans ,3,3,3,TRUE
Jeans ,4,4,4,TRUE
Jeans ,5,5,5,TRUE
Jeans ,6,6,6,TRUE
Jeans ,7,7,7,TRUE
Jeans ,8,8,8,TRUE
Jeans ,9,9,9,TRUE
Jeans ,10,10,10,TRUE
Jeans ,11,11,11,TRUE
Jeans ,12,12,12,TRUE
Jeans ,13,13,13,TRUE
Jeans ,14,14,14,TRUE
Jeans ,15,15,15,TRUE
Jeans ,16,16,16,TRUE
Jeans ,17,17,17,TRUE
Jeans ,18,18,18,TRUE
Jeans ,19,19,19,TRUE
Jeans ,20,20,20,TRUE
Jeans ,21,21,21,TRUE
Jeans ,22,22,22,TRUE
Jeans ,23,23,23,TRUE
Jeans ,24,24,24,TRUE
Jeans ,25,25,25,TRUE
Jeans ,26,26,26,TRUE
Jeans ,27,27,27,TRUE
Jeans ,28,28,28,TRUE
Jeans ,29,29,29,TRUE
Jeans ,30,30,30,TRUE
Jeans ,31,31,31,TRUE
Jeans ,32,32,32,TRUE
Jeans ,33,33,33,TRUE
Jeans ,34,34,34,TRUE
Jeans ,35,35,35,TRUE
Jeans ,36,36,36,TRUE
Jeans ,37,37,37,TRUE
Jeans ,38,38,38,TRUE
Jeans ,39,39,39,TRUE
Jeans ,40,40,40,TRUE
Jeans ,41,41,41,TRUE
Jeans ,42,42,42,TRUE
Jeans ,43,43,43,TRUE
Jeans ,44,44,44,TRUE
Jeans ,45,45,45,TRUE
Jeans ,46,46,46,TRUE
Jeans ,47,47,47,TRUE
Jeans ,48,48,48,TRUE
Jeans ,49,49,49,TRUE
Jeans ,50,50,50,TRUE
Jeans ,51,51,51,TRUE
Jeans ,52,52,52,TRUE
Jeans ,53,53,53,TRUE
Jeans ,54,54,54,TRUE
Jeans ,55,55,55,TRUE
Jeans ,56,56,56,TRUE
Jeans ,57,57,57,TRUE
Jeans ,58,58,58,TRUE
Jeans ,59,59,59,TRUE
Jeans ,60,60,60,TRUE
Jeans ,61,61,61,TRUE
Jeans ,62,62,62,TRUE
Jeans ,63,63,63,TRUE
Jeans ,64,64,64,TRUE
Jeans ,65,65,65,TRUE
Jeans ,66,66,66,TRUE
Jeans ,67,67,67,TRUE
Jeans ,68,68,68,TRUE
Jeans ,69,69,69,TRUE
Jeans ,70,70,70,TRUE
Jeans ,71,71,71,TRUE
Jeans ,72,72,72,TRUE
Jeans ,73,73,73,TRUE
Jeans ,74,74,74,TRUE
Jeans ,75,75,75,TRUE
Jeans ,76,76,76,TRUE
Jeans ,77,77,77,TRUE
Jeans ,78,78,78,TRUE
Jeans ,79,79,79,TRUE
Jeans ,80,80,80,TRUE
Jeans ,81,81,81,TRUE
Jeans ,82,82,82,TRUE
Jeans ,83,83,83,TRUE
Jeans ,84,84,84,TRUE
Jeans ,85,85,85,TRUE
Jeans ,86,86,86,TRUE
Jeans ,87,87,87,TRUE
Jeans ,88,88,88,TRUE
Jeans ,89,89,89,TRUE
Jeans ,90,90,90,TRUE
Jeans ,91,91,91,TRUE
Jeans ,92,92,92,TRUE
Jeans ,93,93,93,TRUE
Jeans ,94,94,94,TRUE
Jeans ,95,95,95,TRUE
Jeans ,96,96,96,TRUE
Jeans ,97,97,97,TRUE
Jeans ,98,98,98,TRUE
Jeans ,99,99,99,TRUE
Jeans ,100,100,100,TRUE
Jeans ,101,101,101,TRUE
Jeans ,102,102,102,TRUE
Jeans ,103,103,103,TRUE
Jeans ,104,104,104,TRUE
Jeans ,105,105,105,TRUE
Jeans ,106,106,106,TRUE
Jeans ,107,107,107,TRUE
Jeans ,108,108,108,TRUE
Jeans ,109,109,109,TRUE
Jeans ,110,110,110,TRUE
Jeans ,111,111,111,TRUE
Jeans ,112,112,112,TRUE
Jeans ,113,113,113,TRUE
Jeans ,114,114,114,TRUE
Jeans ,115,115,115,TRUE
Jeans ,116,116,116,TRUE
Jeans ,117,117,117,TRUE
Jeans ,118,118,118,TRUE
Jeans ,119,119,119,TRUE
Jeans ,120,120,120,TRUE
Jeans ,121,121,121,TRUE
Jeans ,122,122,122,TRUE
Jeans ,123,123,123,TRUE
Jeans ,124,124,124,TRUE
Jeans ,125,125,125,TRUE
Jeans ,126,126,126,TRUE
Jeans ,127,127,127,TRUE
Jeans ,128,128,128,TRUE
Jeans ,129,129,129,TRUE
Jeans ,130,130,130,TRUE
Jeans ,131,131,131,TRUE
Jeans ,132,132,132,TRUE
Jeans ,133,133,133,TRUE
Jeans ,134,134,134,TRUE
Jeans ,135,135,135,TRUE
Jeans ,136,136,136,TRUE
Jeans ,137,137,137,TRUE
Jeans ,138,138,138,TRUE
Jeans ,139,139,139,TRUE
Jeans ,140,140,140,TRUE
Jeans ,141,141,141,TRUE
Jeans ,142,142,142,TRUE
Jeans ,143,143,143,TRUE
Jeans ,144,144,144,TRUE
Jeans ,145,145,145,TRUE
Jeans ,146,146,146,TRUE
Jeans ,147,147,147,TRUE
Jeans ,148,148,148,TRUE
Jeans ,149,149,149,TRUE
Jeans ,150,150,150,TRUE
Jeans ,151,151,151,TRUE
Jeans ,152,152,152,TRUE
Jeans ,153,153,153,TRUE
Jeans ,154,154,154,TRUE
Jeans ,155,155,155,TRUE
Jeans ,156,156,156,TRUE
Jeans ,157,157,157,TRUE
Jeans ,158,158,158,TRUE
Jeans ,159,159,159,TRUE
Jeans ,160,160,160,TRUE
Jeans ,161,161,161,TRUE
Jeans ,162,162,162,TRUE
Jeans ,163,163,163,TRUE
Jeans ,164,164,164,TRUE
Jeans ,165,165,165,TRUE
Jeans ,166,166,166,TRUE
Jeans ,167,167,167,TRUE
Jeans ,168,168,168,TRUE
Jeans ,169,169,169,TRUE
Jeans ,170,170,170,TRUE
Jeans ,171,171,171,TRUE
Jeans ,172,172,172,TRUE
Jeans ,173,173,173,TRUE
Jeans ,174,174,174,TRUE
Jeans ,175,175,175,TRUE
Jeans ,176,176,176,TRUE
Jeans ,177,177,177,TRUE
Jeans ,178,178,178,TRUE
Jeans ,179,179,179,TRUE
Jeans ,180,180,180,TRUE
Jeans ,181,181,181,TRUE
Jeans ,182,182,182,TRUE
Jeans ,183,183,183,TRUE
Jeans ,184,184,184,TRUE
Jeans ,185,185,185,TRUE
Jeans ,186,186,186,TRUE
Jeans ,187,187,187,TRUE
Jeans ,188,188,188,TRUE
Jeans ,189,189,189,TRUE
Jeans ,190,190,190,TRUE
Jeans ,191,191,191,TRUE
Jeans ,192,192,192,TRUE
Jeans ,193,193,193,TRUE
Jeans ,194,194,194,TRUE
Jeans ,195,195,195,TRUE
Jeans ,196,196,196,TRUE
Jeans ,197,197,197,TRUE
Jeans ,198,198,198,TRUE
Jeans ,199,199,199,TRUE
Jeans ,200,200,200,TRUE
Jeans ,201,201,201,TRUE
Jeans ,202,202,202,TRUE
Jeans ,203,203,203,TRUE
Jeans ,204,204,204,TRUE
Jeans ,205,205,205,TRUE
Jeans ,206,206,206,TRUE
Jeans ,207,207,207,TRUE
Jeans ,208,208,208,TRUE
Jeans ,209,209,209,TRUE
Jeans ,210,210,210,TRUE
Jeans ,211,211,211,TRUE
Jeans ,212,212,212,TRUE
Jeans ,213,213,213,TRUE
Jeans ,214,214,214,TRUE
Jeans ,215,215,215,TRUE
Jeans ,216,216,216,TRUE
Jeans ,217,217,217,TRUE
Jeans ,218,218,218,TRUE
Jeans ,219,219,219,TRUE
Jeans ,220,220,220,TRUE
Jeans ,221,221,221,TRUE
Jeans ,222,222,222,TRUE
Jeans ,223,223,223,TRUE
Jeans ,224,224,224,TRUE
Jeans ,225,225,225,TRUE
Jeans ,226,226,226,TRUE
Jeans ,227,227,227,TRUE
Jeans ,228,228,228,TRUE
Jeans ,229,229,229,TRUE
Jeans ,230,230,230,TRUE
Jeans ,231,231,231,TRUE
Jeans ,232,232,232,TRUE
Jeans ,233,233,233,TRUE
Jeans ,234,234,234,TRUE
Jeans ,235,235,235,TRUE
Jeans ,236,236,236,TRUE
Jeans ,237,237,237,TRUE
Jeans ,238,238,238,TRUE
Jeans ,239,239,239,TRUE
Jeans ,240,240,240,TRUE
Jeans ,241,241,241,TRUE
Jeans ,242,242,242,TRUE
Jeans ,243,243,243,TRUE
Jeans ,244,244,244,TRUE
Jeans ,245,245,245,TRUE
Jeans ,246,246,246,TRUE
Jeans ,247,247,247,TRUE
Jeans ,248,248,248,TRUE
Jeans ,249,249,249,TRUE
Jeans ,250,250,250,TRUE
Jeans ,251,251,251,TRUE
Jeans ,252,252,252,TRUE
Jeans ,253,253,253,TRUE
Jeans ,254,254,254,TRUE
Jeans ,255,255,255,TRUE
Jeans ,256,256,256,TRUE
Jeans ,257,257,257,TRUE
Jeans ,258,258,258,TRUE
Jeans ,259,259,259,TRUE
Jeans ,260,260,260,TRUE
Jeans ,261,261,261,TRUE
Jeans ,262,262,262,TRUE
Jeans ,263,263,263,TRUE
Jeans ,264,264,264,TRUE
Jeans ,265,265,265,TRUE
Jeans ,266,266,266,TRUE
Jeans ,267,267,267,TRUE
Jeans ,268,268,268,TRUE
Jeans ,269,269,269,TRUE
Jeans ,270,270,270,TRUE
Jeans ,271,271,271,TRUE
Jeans ,272,272,272,TRUE
Jeans ,273,273,273,TRUE
Jeans ,274,274,274,TRUE
Jeans ,275,275,275,TRUE
Jeans ,276,276,276,TRUE
Jeans ,277,277,277,TRUE
Jeans ,278,278,278,TRUE
Jeans ,279,279,279,TRUE
Jeans ,280,280,280,TRUE
Jeans ,281,281,281,TRUE
Jeans ,282,282,282,TRUE
Jeans ,283,283,283,TRUE
Jeans ,284,284,284,TRUE
Jeans ,285,285,285,TRUE
Jeans ,286,286,286,TRUE
Jeans ,287,287,287,TRUE
Jeans ,288,288,288,TRUE
Jeans ,289,289,289,TRUE
Jeans ,290,290,290,TRUE
Jeans ,291,291,291,TRUE
Jeans ,292,292,292,TRUE
Jeans ,293,293,293,TRUE
Jeans ,294,294,294,TRUE
Jeans ,295,295,295,TRUE
Jeans ,296,296,296,TRUE
Jeans ,297,297,297,TRUE
Jeans ,298,298,298,TRUE
Jeans ,299,299,299,TRUE
Jeans ,300,300,300,TRUE
Jeans ,301,301,301,TRUE
Jeans ,302,302,302,TRUE
Jeans ,303,303,303,TRUE
Jeans ,304,304,304,TRUE
Jeans ,305,305,305,TRUE
Jeans ,306,306,306,TRUE
Jeans ,307,307,307,TRUE
Jeans ,308,308,308,TRUE
Jeans ,309,309,309,TRUE
Jeans ,310,310,310,TRUE
Jeans ,311,311,311,TRUE
Jeans ,312,312,312,TRUE
Jeans ,313,313,313,TRUE
Jeans ,314,314,314,TRUE
Jeans ,315,315,315,TRUE
Jeans ,316,316,316,TRUE
Jeans ,317,317,317,TRUE
Jeans ,318,318,318,TRUE
Jeans ,319,319,319,TRUE
Jeans ,320,320,320,TRUE
Jeans ,321,321,321,TRUE
Jeans ,322,322,322,TRUE
Jeans ,323,323,323,TRUE
Jeans ,324,324,324,TRUE
Jeans ,325,325,325,TRUE
Jeans ,326,326,326,TRUE
Jeans ,327,327,327,TRUE
Jeans ,328,328,328,TRUE
Jeans ,329,329,329,TRUE
Jeans ,330,330,330,TRUE
Jeans ,331,331,331,TRUE
Jeans ,332,332,332,TRUE
Jeans ,333,333,333,TRUE
Jeans ,334,334,334,TRUE
Jeans ,335,335,335,TRUE
Jeans ,336,336,336,TRUE
Jeans ,337,337,337,TRUE
Jeans ,338,338,338,TRUE
Jeans ,339,339,339,TRUE
Jeans ,340,340,340,TRUE
Jeans ,341,341,341,TRUE
Jeans ,342,342,342,TRUE
Jeans ,343,343,343,TRUE
Jeans ,344,344,344,TRUE
Jeans ,345,345,345,TRUE
Jeans ,346,346,346,TRUE
Jeans ,347,347,347,TRUE
Jeans ,348,348,348,TRUE
Jeans ,349,349,349,TRUE
Jeans ,350,350,350,TRUE
Jeans ,351,351,351,TRUE
Jeans ,352,352,352,TRUE
Jeans ,353,353,353,TRUE
Jeans ,354,354,354,TRUE
Jeans ,355,355,355,TRUE
Jeans ,356,356,356,TRUE
Jeans ,357,357,357,TRUE
Jeans ,358,358,358,TRUE
Jeans ,359,359,359,TRUE
Jeans ,360,360,360,TRUE
Jeans ,361,361,361,TRUE
Jeans ,362,362,362,TRUE
Jeans ,363,363,363,TRUE
Jeans ,364,364,364,TRUE
Jeans ,365,365,365,TRUE
Jeans ,366,366,366,TRUE
Jeans ,367,367,367,TRUE
Jeans ,368,368,368,TRUE
Jeans ,369,369,369,TRUE
Jeans ,370,370,370,TRUE
Jeans ,371,371,371,TRUE
Jeans ,372,372,372,TRUE
Jeans ,373,373,373,TRUE
Jeans ,374,374,374,TRUE
Jeans ,375,375,375,TRUE
Jeans ,376,376,376,TRUE
Jeans ,377,377,377,TRUE
Jeans ,378,378,378,TRUE
Jeans ,379,379,379,TRUE
Jeans ,380,380,380,TRUE
Jeans ,381,381,381,TRUE
Jeans ,382,382,382,TRUE
Jeans ,383,383,383,TRUE
Jeans ,384,384,384,TRUE
Jeans ,385,385,385,TRUE
Jeans ,386,386,386,TRUE
Jeans ,387,387,387,TRUE
Jeans ,388,388,388,TRUE
Jeans ,389,389,389,TRUE
Jeans ,390,390,390,TRUE
Jeans ,391,391,391,TRUE
Jeans ,392,392,392,TRUE
Jeans ,393,393,393,TRUE
Jeans ,394,394,394,TRUE
Jeans ,395,395,395,TRUE
Jeans ,396,396,396,TRUE
Jeans ,397,397,397,TRUE
Jeans ,398,398,398,TRUE
Jeans ,399,399,399,TRUE
Jeans ,400,400,400,TRUE
Jeans ,401,401,401,TRUE
Jeans ,402,402,402,TRUE
Jeans ,403,403,403,TRUE
Jeans ,404,404,404,TRUE
Jeans ,405,405,405,TRUE
Jeans ,406,406,406,TRUE
Jeans ,407,407,407,TRUE
Jeans ,408,408,408,TRUE
Jeans ,409,409,409,TRUE
Jeans ,410,410,410,TRUE
Jeans ,411,411,411,TRUE
Jeans ,412,412,412,TRUE
Jeans ,413,413,413,TRUE
Jeans ,414,414,414,TRUE
Jeans ,415,415,415,TRUE
Jeans ,416,416,416,TRUE
Jeans ,417,417,417,TRUE
Jeans ,418,418,418,TRUE
Jeans ,419,419,419,TRUE
Jeans ,420,420,420,TRUE
Jeans ,421,421,421,TRUE
Jeans ,422,422,422,TRUE
Jeans ,423,423,423,TRUE
Jeans ,424,424,424,TRUE
Jeans ,425,425,425,TRUE
Jeans ,426,426,426,TRUE
Jeans ,427,427,427,TRUE
Jeans ,428,428,428,TRUE
Jeans ,429,429,429,TRUE
Jeans ,430,430,430,TRUE
Jeans ,431,431,431,TRUE
Jeans ,432,432,432,TRUE
Jeans ,433,433,433,TRUE
Jeans ,434,434,434,TRUE
Jeans ,435,435,435,TRUE
Jeans ,436,436,436,TRUE
Jeans ,437,437,437,TRUE
Jeans ,438,438,438,TRUE
Jeans ,439,439,439,TRUE
Jeans ,440,440,440,TRUE
Jeans ,441,441,441,TRUE
Jeans ,442,442,442,TRUE
Jeans ,443,443,443,TRUE
Jeans ,444,444,444,TRUE
Jeans ,445,445,445,TRUE
Jeans ,446,446,446,TRUE
Jeans ,447,447,447,TRUE
Jeans ,448,448,448,TRUE
Jeans ,449,449,449,TRUE
Jeans ,450,450,450,TRUE
Jeans ,451,451,451,TRUE
Jeans ,452,452,452,TRUE
Jeans ,453,453,453,TRUE
Jeans ,454,454,454,TRUE
Jeans ,455,455,455,TRUE
Jeans ,456,456,456,TRUE
Jeans ,457,457,457,TRUE
Jeans ,458,458,458,TRUE
Jeans ,459,459,459,TRUE
Jeans ,460,460,460,TRUE
Jeans ,461,461,461,TRUE
Jeans ,462,462,462,TRUE
Jeans ,463,463,463,TRUE
Jeans ,464,464,464,TRUE
Jeans ,465,465,465,TRUE
Jeans ,466,466,466,TRUE
Jeans ,467,467,467,TRUE
Jeans ,468,468,468,TRUE
Jeans ,469,469,469,TRUE
Jeans ,470,470,470,TRUE
Jeans ,471,471,471,TRUE
Jeans ,472,472,472,TRUE
Jeans ,473,473,473,TRUE
Jeans ,474,474,474,TRUE
Jeans ,475,475,475,TRUE
Jeans ,476,476,476,TRUE
Jeans ,477,477,477,TRUE
Jeans ,478,478,478,TRUE
Jeans ,479,479,479,TRUE
Jeans ,480,480,480,TRUE
Jeans ,481,481,481,TRUE
Jeans ,482,482,482,TRUE
Jeans ,483,483,483,TRUE
Jeans ,484,484,484,TRUE
Jeans ,485,485,485,TRUE
Jeans ,486,486,486,TRUE
Jeans ,487,487,487,TRUE
Jeans ,488,488,488,TRUE
Jeans ,489,489,489,TRUE
Jeans ,490,490,490,TRUE
Jeans ,491,491,491,TRUE
Jeans ,492,492,492,TRUE
Jeans ,493,493,493,TRUE
Jeans ,494,494,494,TRUE
Jeans ,495,495,495,TRUE
Jeans ,496,496,496,TRUE
Jeans ,497,497,497,TRUE
Jeans ,498,498,498,TRUE
Jeans ,499,499,499,TRUE
Jeans ,500,500,500,TRUE
Jeans ,501,501,501,TRUE
Jeans ,502,502,502,TRUE
Jeans ,503,503,503,TRUE
Jeans ,504,504,504,TRUE
Jeans ,505,505,505,TRUE
Jeans ,506,506,506,TRUE
Jeans ,507,507,507,TRUE
Jeans ,508,508,508,TRUE
Jeans ,509,509,509,TRUE
Jeans ,510,510,510,TRUE
Jeans ,511,511,511,TRUE
Jeans ,512,512,512,TRUE
Jeans ,513,513,513,TRUE
Jeans ,514,514,514,TRUE
Jeans ,515,515,515,TRUE
Jeans ,516,516,516,TRUE
Jeans ,517,517,517,TRUE
Jeans ,518,518,518,TRUE
Jeans ,519,519,519,TRUE
Jeans ,520,520,520,TRUE
Jeans ,521,521,521,TRUE
Jeans ,522,522,522,TRUE
Jeans ,523,523,523,TRUE
Jeans ,524,524,524,TRUE
Jeans ,525,525,525,TRUE
Jeans ,526,526,526,TRUE
Jeans ,527,527,527,TRUE
Jeans ,528,528,528,TRUE
Jeans ,529,529,529,TRUE
Jeans ,530,530,530,TRUE
Jeans ,531,531,531,TRUE
Jeans ,532,532,532,TRUE
Jeans ,533,533,533,TRUE
Jeans ,534,534,534,TRUE
Jeans ,535,535,535,TRUE
Jeans ,536,536,536,TRUE
Jeans ,537,537,537,TRUE
Jeans ,538,538,538,TRUE
Jeans ,539,539,539,TRUE
Jeans ,540,540,540,TRUE
Jeans ,541,541,541,TRUE
Jeans ,542,542,542,TRUE
Jeans ,543,543,543,TRUE
Jeans ,544,544,544,TRUE
Jeans ,545,545,545,TRUE
Jeans ,546,546,546,TRUE
Jeans ,547,547,547,TRUE
Jeans ,548,548,548,TRUE
Jeans ,549,549,549,TRUE
Jeans ,550,550,550,TRUE
Jeans ,551,551,551,TRUE
Jeans ,552,552,552,TRUE
Jeans ,553,553,553,TRUE
Jeans ,554,554,554,TRUE
Jeans ,555,555,555,TRUE
Jeans ,556,556,556,TRUE
Jeans ,557,557,557,TRUE
Jeans ,558,558,558,TRUE
Jeans ,559,559,559,TRUE
Jeans ,560,560,560,TRUE
Jeans ,561,561,561,TRUE
Jeans ,562,562,562,TRUE
Jeans ,563,563,563,TRUE
Jeans ,564,564,564,TRUE
Jeans ,565,565,565,TRUE
Jeans ,566,566,566,TRUE
Jeans ,567,567,567,TRUE
Jeans ,568,568,568,TRUE
Jeans ,569,569,569,TRUE
Jeans ,570,570,570,TRUE
Jeans ,571,571,571,TRUE
Jeans ,572,572,572,TRUE
Jeans ,573,573,573,TRUE
Jeans ,574,574,574,TRUE
Jeans ,575,575,575,TRUE
Jeans ,576,576,576,TRUE
Jeans ,577,577,577,TRUE
Jeans ,578,578,578,TRUE
Jeans ,579,579,579,TRUE
Jeans ,580,580,580,TRUE
Jeans ,581,581,581,TRUE
Jeans ,582,582,582,TRUE
Jeans ,583,583,583,TRUE
Jeans ,584,584,584,TRUE
Jeans ,585,585,585,TRUE
Jeans ,586,586,586,TRUE
Jeans ,587,587,587,TRUE
Jeans ,588,588,588,TRUE
Jeans ,589,589,589,TRUE
Jeans ,590,590,590,TRUE
Jeans ,591,591,591,TRUE
Jeans ,592,592,592,TRUE
Jeans ,593,593,593,TRUE
Jeans ,594,594,594,TRUE
Jeans ,595,595,595,TRUE
Jeans ,596,596,596,TRUE
Jeans ,597,597,597,TRUE
Jeans ,598,598,598,TRUE
Jeans ,599,599,599,TRUE
Jeans ,600,600,600,TRUE
Jeans ,601,601,601,TRUE
Jeans ,602,602,602,TRUE
Jeans ,603,603,603,TRUE
Jeans ,604,604,604,TRUE
Jeans ,605,605,605,TRUE
Jeans ,606,606,606,TRUE
Jeans ,607,607,607,TRUE
Jeans ,608,608,608,TRUE
Jeans ,609,609,609,TRUE
Jeans ,610,610,610,TRUE
Jeans ,611,611,611,TRUE
Jeans ,612,612,612,TRUE
Jeans ,613,613,613,TRUE
Jeans ,614,614,614,TRUE
Jeans ,615,615,615,TRUE
Jeans ,616,616,616,TRUE
Jeans ,617,617,617,TRUE
Jeans ,618,618,618,TRUE
Jeans ,619,619,619,TRUE
Jeans ,620,620,620,TRUE
Jeans ,621,621,621,TRUE
Jeans ,622,622,622,TRUE
Jeans ,623,623,623,TRUE
Jeans ,624,624,624,TRUE
Jeans ,625,625,625,TRUE
Jeans ,626,626,626,TRUE
Jeans ,627,627,627,TRUE
Jeans ,628,628,628,TRUE
Jeans ,629,629,629,TRUE
Jeans ,630,630,630,TRUE
Jeans ,631,631,631,TRUE
Jeans ,632,632,632,TRUE
Jeans ,633,633,633,TRUE
Jeans ,634,634,634,TRUE
Jeans ,635,635,635,TRUE
Jeans ,636,636,636,TRUE
Jeans ,637,637,637,TRUE
Jeans ,638,638,638,TRUE
Jeans ,639,639,639,TRUE
Jeans ,640,640,640,TRUE
Jeans ,641,641,641,TRUE
Jeans ,642,642,642,TRUE
Jeans ,643,643,643,TRUE
Jeans ,644,644,644,TRUE
Jeans ,645,645,645,TRUE
Jeans ,646,646,646,TRUE
Jeans ,647,647,647,TRUE
Jeans ,648,648,648,TRUE
Jeans ,649,649,649,TRUE
Jeans ,650,650,650,TRUE
Jeans ,651,651,651,TRUE
Jeans ,652,652,652,TRUE
Jeans ,653,653,653,TRUE
Jeans ,654,654,654,TRUE
Jeans ,655,655,655,TRUE
Jeans ,656,656,656,TRUE
Jeans ,657,657,657,TRUE
Jeans ,658,658,658,TRUE
Jeans ,659,659,659,TRUE
Jeans ,660,660,660,TRUE
Jeans ,661,661,661,TRUE
Jeans ,662,662,662,TRUE
Jeans ,663,663,663,TRUE
Jeans ,664,664,664,TRUE
Jeans ,665,665,665,TRUE
Jeans ,666,666,666,TRUE
Jeans ,667,667,667,TRUE
Jeans ,668,668,668,TRUE
Jeans ,669,669,669,TRUE
Jeans ,670,670,670,TRUE
Jeans ,671,671,671,TRUE
Jeans ,672,672,672,TRUE
Jeans ,673,673,673,TRUE
Jeans ,674,674,674,TRUE
Jeans ,675,675,675,TRUE
Jeans ,676,676,676,TRUE
Jeans ,677,677,677,TRUE
Jeans ,678,678,678,TRUE
Jeans ,679,679,679,TRUE
Jeans ,680,680,680,TRUE
Jeans ,681,681,681,TRUE
Jeans ,682,682,682,TRUE
Jeans ,683,683,683,TRUE
Jeans ,684,684,684,TRUE
Jeans ,685,685,685,TRUE
Jeans ,686,686,686,TRUE
Jeans ,687,687,687,TRUE
Jeans ,688,688,688,TRUE
Jeans ,689,689,689,TRUE
Jeans ,690,690,690,TRUE
Jeans ,691,691,691,TRUE
Jeans ,692,692,692,TRUE
Jeans ,693,693,693,TRUE
Jeans ,694,694,694,TRUE
Jeans ,695,695,695,TRUE
Jeans ,696,696,696,TRUE
Jeans ,697,697,697,TRUE
Jeans ,698,698,698,TRUE
Jeans ,699,699,699,TRUE
Jeans ,700,700,700,TRUE
Jeans ,701,701,701,TRUE
Jeans ,702,702,702,TRUE
Jeans ,703,703,703,TRUE
Jeans ,704,704,704,TRUE
Jeans ,705,705,705,TRUE
Jeans ,706,706,706,TRUE
Jeans ,707,707,707,TRUE
Jeans ,708,708,708,TRUE
Jeans ,709,709,709,TRUE
Jeans ,710,710,710,TRUE
Jeans ,711,711,711,TRUE
Jeans ,712,712,712,TRUE
Jeans ,713,713,713,TRUE
Jeans ,714,714,714,TRUE
Jeans ,715,715,715,TRUE
Jeans ,716,716,716,TRUE
Jeans ,717,717,717,TRUE
Jeans ,718,718,718,TRUE
Jeans ,719,719,719,TRUE
Jeans ,720,720,720,TRUE
Jeans ,721,721,721,TRUE
Jeans ,722,722,722,TRUE
Jeans ,723,723,723,TRUE
Jeans ,724,724,724,TRUE
Jeans ,725,725,725,TRUE
Jeans ,726,726,726,TRUE
Jeans ,727,727,727,TRUE
Jeans ,728,728,728,TRUE
Jeans ,729,729,729,TRUE
Jeans ,730,730,730,TRUE
Jeans ,731,731,731,TRUE
Jeans ,732,732,732,TRUE
Jeans ,733,733,733,TRUE
Jeans ,734,734,734,TRUE
Jeans ,735,735,735,TRUE
Jeans ,736,736,736,TRUE
Jeans ,737,737,737,TRUE
Jeans ,738,738,738,TRUE
Jeans ,739,739,739,TRUE
Jeans ,740,740,740,TRUE
Jeans ,741,741,741,TRUE
Jeans ,742,742,742,TRUE
Jeans ,743,743,743,TRUE
Jeans ,744,744,744,TRUE
Jeans ,745,745,745,TRUE
Jeans ,746,746,746,TRUE
Jeans ,747,747,747,TRUE
Jeans ,748,748,748,TRUE
Jeans ,749,749,749,TRUE
Jeans ,750,750,750,TRUE
Jeans ,751,751,751,TRUE
Jeans ,752,752,752,TRUE
Jeans ,753,753,753,TRUE
Jeans ,754,754,754,TRUE
Jeans ,755,755,755,TRUE
Jeans ,756,756,756,TRUE
Jeans ,757,757,757,TRUE
Jeans ,758,758,758,TRUE
Jeans ,759,759,759,TRUE
Jeans ,760,760,760,TRUE
Jeans ,761,761,761,TRUE
Jeans ,762,762,762,TRUE
Jeans ,763,763,763,TRUE
Jeans ,764,764,764,TRUE
Jeans ,765,765,765,TRUE
Jeans ,766,766,766,TRUE
Jeans ,767,767,767,TRUE
Jeans ,768,768,768,TRUE
Jeans ,769,769,769,TRUE
Jeans ,770,770,770,TRUE
Jeans ,771,771,771,TRUE
Jeans ,772,772,772,TRUE
Jeans ,773,773,773,TRUE
Jeans ,774,774,774,TRUE
Jeans ,775,775,775,TRUE
Jeans ,776,776,776,TRUE
Jeans ,777,777,777,TRUE
Jeans ,778,778,778,TRUE
Jeans ,779,779,779,TRUE
Jeans ,780,780,780,TRUE
Jeans ,781,781,781,TRUE
Jeans ,782,782,782,TRUE
Jeans ,783,783,783,TRUE
Jeans ,784,784,784,TRUE
Jeans ,785,785,785,TRUE
Jeans ,786,786,786,TRUE
Jeans ,787,787,787,TRUE
Jeans ,788,788,788,TRUE
Jeans ,789,789,789,TRUE
Jeans ,790,790,790,TRUE
Jeans ,791,791,791,TRUE
Jeans ,792,792,792,TRUE
Jeans ,793,793,793,TRUE
Jeans ,794,794,794,TRUE
Jeans ,795,795,795,TRUE
Jeans ,796,796,796,TRUE
Jeans ,797,797,797,TRUE
Jeans ,798,798,798,TRUE
Jeans ,799,799,799,TRUE
Jeans ,800,800,800,TRUE
Jeans ,801,801,801,TRUE
Jeans ,802,802,802,TRUE
Jeans ,803,803,803,TRUE
Jeans ,804,804,804,TRUE
Jeans ,805,805,805,TRUE
Jeans ,806,806,806,TRUE
Jeans ,807,807,807,TRUE
Jeans ,808,808,808,TRUE
Jeans ,809,809,809,TRUE
Jeans ,810,810,810,TRUE
Jeans ,811,811,811,TRUE
Jeans ,812,812,812,TRUE
Jeans ,813,813,813,TRUE
Jeans ,814,814,814,TRUE
Jeans ,815,815,815,TRUE
Jeans ,816,816,816,TRUE
Jeans ,817,817,817,TRUE
Jeans ,818,818,818,TRUE
Jeans ,819,819,819,TRUE
Jeans ,820,820,820,TRUE
Jeans ,821,821,821,TRUE
Jeans ,822,822,822,TRUE
Jeans ,823,823,823,TRUE
Jeans ,824,824,824,TRUE
Jeans ,825,825,825,TRUE
Jeans ,826,826,826,TRUE
Jeans ,827,827,827,TRUE
Jeans ,828,828,828,TRUE
Jeans ,829,829,829,TRUE
Jeans ,830,830,830,TRUE
Jeans ,831,831,831,TRUE
Jeans ,832,832,832,TRUE
Jeans ,833,833,833,TRUE
Jeans ,834,834,834,TRUE
Jeans ,835,835,835,TRUE
Jeans ,836,836,836,TRUE
Jeans ,837,837,837,TRUE
Jeans ,838,838,838,TRUE
Jeans ,839,839,839,TRUE
Jeans ,840,840,840,TRUE
Jeans ,841,841,841,TRUE
Jeans ,842,842,842,TRUE
Jeans ,843,843,843,TRUE
Jeans ,844,844,844,TRUE
Jeans ,845,845,845,TRUE
Jeans ,846,846,846,TRUE
Jeans ,847,847,847,TRUE
Jeans ,848,848,848,TRUE
Jeans ,849,849,849,TRUE
Jeans ,850,850,850,TRUE
Jeans ,851,851,851,TRUE
Jeans ,852,852,852,TRUE
Jeans ,853,853,853,TRUE
Jeans ,854,854,854,TRUE
Jeans ,855,855,855,TRUE
Jeans ,856,856,856,TRUE
Jeans ,857,857,857,TRUE
Jeans ,858,858,858,TRUE
Jeans ,859,859,859,TRUE
Jeans ,860,860,860,TRUE
Jeans ,861,861,861,TRUE
Jeans ,862,862,862,TRUE
Jeans ,863,863,863,TRUE
Jeans ,864,864,864,TRUE
Jeans ,865,865,865,TRUE
Jeans ,866,866,866,TRUE
Jeans ,867,867,867,TRUE
Jeans ,868,868,868,TRUE
Jeans ,869,869,869,TRUE
Jeans ,870,870,870,TRUE
Jeans ,871,871,871,TRUE
Jeans ,872,872,872,TRUE
Jeans ,873,873,873,TRUE
Jeans ,874,874,874,TRUE
Jeans ,875,875,875,TRUE
Jeans ,876,876,876,TRUE
Jeans ,877,877,877,TRUE
Jeans ,878,878,878,TRUE
Jeans ,879,879,879,TRUE
Jeans ,880,880,880,TRUE
Jeans ,881,881,881,TRUE
Jeans ,882,882,882,TRUE
Jeans ,883,883,883,TRUE
Jeans ,884,884,884,TRUE
Jeans ,885,885,885,TRUE
Jeans ,886,886,886,TRUE
Jeans ,887,887,887,TRUE
Jeans ,888,888,888,TRUE
Jeans ,889,889,889,TRUE
Jeans ,890,890,890,TRUE
Jeans ,891,891,891,TRUE
Jeans ,892,892,892,TRUE
Jeans ,893,893,893,TRUE
Jeans ,894,894,894,TRUE
Jeans ,895,895,895,TRUE
Jeans ,896,896,896,TRUE
Jeans ,897,897,897,TRUE
Jeans ,898,898,898,TRUE
Jeans ,899,899,899,TRUE
Jeans ,900,900,900,TRUE
Jeans ,901,901,901,TRUE
Jeans ,902,902,902,TRUE
Jeans ,903,903,903,TRUE
Jeans ,904,904,904,TRUE
Jeans ,905,905,905,TRUE
Jeans ,906,906,906,TRUE
Jeans ,907,907,907,TRUE
Jeans ,908,908,908,TRUE
Jeans ,909,909,909,TRUE
Jeans ,910,910,910,TRUE
Jeans ,911,911,911,TRUE
Jeans ,912,912,912,TRUE
Jeans ,913,913,913,TRUE
Jeans ,914,914,914,TRUE
Jeans ,915,915,915,TRUE
Jeans ,916,916,916,TRUE
Jeans ,917,917,917,TRUE
Jeans ,918,918,918,TRUE
Jeans ,919,919,919,TRUE
Jeans ,920,920,920,TRUE
Jeans ,921,921,921,TRUE
Jeans ,922,922,922,TRUE
Jeans ,923,923,923,TRUE
Jeans ,924,924,924,TRUE
Jeans ,925,925,925,TRUE
Jeans ,926,926,926,TRUE
Jeans ,927,927,927,TRUE
Jeans ,928,928,928,TRUE
Jeans ,929,929,929,TRUE
Jeans ,930,930,930,TRUE
Jeans ,931,931,931,TRUE
Jeans ,932,932,932,TRUE
Jeans ,933,933,933,TRUE
Jeans ,934,934,934,TRUE
Jeans ,935,935,935,TRUE
Jeans ,936,936,936,TRUE
Jeans ,937,937,937,TRUE
Jeans ,938,938,938,TRUE
Jeans ,939,939,939,TRUE
Jeans ,940,940,940,TRUE
Jeans ,941,941,941,TRUE
Jeans ,942,942,942,TRUE
Jeans ,943,943,943,TRUE
Jeans ,944,944,944,TRUE
Jeans ,945,945,945,TRUE
Jeans ,946,946,946,TRUE
Jeans ,947,947,947,TRUE
Jeans ,948,948,948,TRUE
Jeans ,949,949,949,TRUE
Jeans ,950,950,950,TRUE
Jeans ,951,951,951,TRUE
Jeans ,952,952,952,TRUE
Jeans ,953,953,953,TRUE
Jeans ,954,954,954,TRUE
Jeans ,955,955,955,TRUE
Jeans ,956,956,956,TRUE
Jeans ,957,957,957,TRUE
Jeans ,958,958,958,TRUE
Jeans ,959,959,959,TRUE
Jeans ,960,960,960,TRUE
Jeans ,961,961,961,TRUE
Jeans ,962,962,962,TRUE
Jeans ,963,963,963,TRUE
Jeans ,964,964,964,TRUE
Jeans ,965,965,965,TRUE
Jeans ,966,966,966,TRUE
Jeans ,967,967,967,TRUE
Jeans ,968,968,968,TRUE
Jeans ,969,969,969,TRUE
Jeans ,970,970,970,TRUE
Jeans ,971,971,971,TRUE
Jeans ,972,972,972,TRUE
Jeans ,973,973,973,TRUE
Jeans ,974,974,974,TRUE
Jeans ,975,975,975,TRUE
Jeans ,976,976,976,TRUE
Jeans ,977,977,977,TRUE
Jeans ,978,978,978,TRUE
Jeans ,979,979,979,TRUE
Jeans ,980,980,980,TRUE
Jeans ,981,981,981,TRUE
Jeans ,982,982,982,TRUE
Jeans ,983,983,983,TRUE
Jeans ,984,984,984,TRUE
Jeans ,985,985,985,TRUE
Jeans ,986,986,986,TRUE
Jeans ,987,987,987,TRUE
Jeans ,988,988,988,TRUE
Jeans ,989,989,989,TRUE
Jeans ,990,990,990,TRUE
Jeans ,991,991,991,TRUE
Jeans ,992,992,992,TRUE
Jeans ,993,993,993,TRUE
Jeans ,994,994,994,TRUE
Jeans ,995,995,995,TRUE
Jeans ,996,996,996,TRUE
Jeans ,997,997,997,TRUE
Jeans ,998,998,998,TRUE
Jeans ,999,999,999,TRUE
Jeans ,1000,1000,1000,TRUE
Jeans ,1001,1001,1001,TRUE
Jeans ,1002,1002,1002,TRUE
Jeans ,1003,1003,1003,TRUE
Jeans ,1004,1004,1004,TRUE
Jeans ,1005,1005,1005,TRUE
Jeans ,1006,1006,1006,TRUE
Jeans ,1007,1007,1007,TRUE
Jeans ,1008,1008,1008,TRUE
Jeans ,1009,1009,1009,TRUE
Jeans ,1010,1010,1010,TRUE
